,Expected_Inflation_5Y__lvl__L52,Fed_Total_Assets__pct1,CPI__pct4,Sector_Rotation__lvl__L4,Japan_10Y_JGB__d26,CPI_YoY__lvl__rollstd52,sell_jewelry__lvl,Industrial_Production__pct52,CPI__pct52,Building_Permits__pct8,Core_CPI__pct4,Consumer_Sentiment__pct1__rollstd8,credit_card_debt__lvl__rollstd26,Industrial_Production__pct1__rollstd8,USD_CHF__pct1__rollstd8,Industrial_Production__pct1__z8,resume_template__d26,Natural_Gas__pct52,Spread_10Y_3M__lvl__rollstd8,credit_card_debt__lvl__rollstd52,US_3M_Treasury__d1,WTI_Crude_Oil__pct52,Gold__pct1__rollstd8,Building_Permits__pct1__rollstd8,RV_30D__d1,NFCI__lvl__z8,US_10Y_Treasury__lvl__rollstd52,NFCI__d1,US_2Y_Treasury__lvl__rollstd8,NFCI__d1__z8,y_SP500_bin_4w,prob_state_0,prob_state_1,prob_state_2,regime_entropy,regime_persist,regime_label,p_out,pred_out,y_out_true
2024-01-05,2.18,-0.004117451279895,0.0054475037979304,-0.0012780905467186,0.135,1.078714341776244,71.0,-0.0127625491269089,0.0309088478122805,0.0279441117764471,0.0035888184677277,0.062606722397499,6.412127931925784,0.0048079068490158,0.0116608665317186,-2.4306549275751306,-14.0,-0.2202156717735797,0.205912602819806,6.7403917426687965,0.0699999999999994,0.0005422382723003,0.0217268812883633,0.0066543115683549,0.0061823436699696,-1.3800071207220954,0.4220234243961908,-0.00855,0.2579555609568774,0.8860528308365831,1.0,0.0065521088322251,0.9934416278608176,6.263306957140211e-06,0.0395556539397916,0.9614422970402894,1,0.6824035004225305,1,1
2024-01-12,2.2,0.0007402658812158,0.0054475037979304,0.0188807624816817,0.135,1.033204506932195,71.0,-0.0127625491269089,0.0309088478122805,0.0279441117764471,0.0035888184677277,0.062606722397499,6.497336732491465,0.0048079068490158,0.0119362298960219,0.4240641029769794,-14.0,-0.031003202507614,0.1832202031905062,6.479693305964305,-0.0199999999999995,-0.0899073409754657,0.0204602611464052,0.0066543115683549,0.0077630805823274,-1.388289914322076,0.4166411606069881,-0.0080299999999999,0.2579555609568764,1.068044695571322,1.0,2.156504356421212e-05,0.999973633356492,4.801599943622447e-06,0.0003168736342961,0.9613315251522336,1,0.7139744636510607,1,1
2024-01-19,2.23,-0.0016871977738199,0.0054475037979304,0.0059437898467431,0.135,0.9813713112263222,71.0,-0.0127625491269089,0.0309088478122805,0.0279441117764471,0.0035888184677277,0.062606722397499,6.575595907479399,0.0048079068490158,0.0148142537644828,0.4240641029769794,-14.0,-0.2063641985736799,0.1422020695048295,6.201979930053177,0.0,-0.0971589488831489,0.0208391979329987,0.0066543115683549,0.0071789100655165,-1.3702066976224043,0.4113779588623214,-0.00713,0.1804557721833544,1.6418151952436042,1.0,0.0065853521311037,0.993412083321637,2.564547259364754e-06,0.0396767982448878,0.9614428623028434,1,0.5368959757672714,1,1
2024-01-26,2.33,0.0004546674171046,0.0054475037979304,-0.0110682530289187,0.135,0.922149078627186,71.0,-0.0127625491269089,0.0309088478122805,0.0171165240289663,0.0035888184677277,0.0471742687592172,6.6471509223586684,0.0048525991915874,0.014324704537183,0.3535533905932739,-14.0,-0.1276938174741262,0.1289241194325422,5.904851393973355,-0.0099999999999997,-0.0209588122809888,0.0161401555204581,0.0060516051056127,-0.0028550184536524,-1.3327098346446318,0.4065947226374732,-0.0062099999999999,0.1685229954635416,1.9344146362786447,1.0,0.0023323803441331,0.9976655685257044,2.051130162333936e-06,0.0164948130176254,0.9613707227076456,1,0.4740363177127108,1,1
2024-02-02,2.27,-0.0061358067948986,0.0061896717755507,-0.0298828855917425,0.0699999999999999,0.8737109942567073,67.0,-0.0035432664027599,0.0315317112086159,0.0381830151415405,0.003960944136371,0.0494005253785924,6.447062539219982,0.0065678429070538,0.0136083583391288,1.688097639645553,7.0,-0.1373444306460658,0.100702886893075,5.909160258639513,-0.0100000000000006,-0.0151246848287632,0.0101331316525715,0.008808168752741,0.0152730423814253,-1.3454890270337327,0.4011515757503899,-0.0068599999999999,0.0985520167221585,0.98974780047046,1.0,0.0012811071132182,0.9986924882757456,2.640461103612133e-05,0.0101172258562453,0.9613528816887068,1,0.7273699198178214,1,1
2024-02-09,2.47,0.0001541259355679,0.0061896717755507,0.0024153175015417,0.0699999999999999,0.8186067823100851,67.0,-0.0035432664027599,0.0315317112086159,0.0381830151415405,0.003960944136371,0.0494005253785924,6.198759181046922,0.0065678429070538,0.0130752726360373,0.0573805065372522,7.0,-0.2653142212797598,0.1078275739980895,5.908298737099323,0.0100000000000006,-0.036126503245268,0.0098092066262822,0.008808168752741,-0.0102952594064463,-1.368600790312814,0.3999270295432634,-0.0068,0.1058890929227588,0.8160561464589722,1.0,0.0150108315646802,0.9849878827119876,1.2857233321691042e-06,0.0779465371853636,0.9615857775058544,1,0.7463683783790093,1,1
2024-02-16,2.5,0.0003372950873377,0.0061896717755507,0.0205217561452839,0.0699999999999999,0.7553789849407047,67.0,-0.0035432664027599,0.0315317112086159,0.0381830151415405,0.003960944136371,0.0494005253785924,5.896152591700236,0.0065678429070538,0.0116240803067001,0.0573805065372522,7.0,-0.2927472966478246,0.1267097357857101,5.902264565273538,0.0,0.0373330657615063,0.0068537517469096,0.008808168752741,0.0064586618856786,-1.4295264007704904,0.4008221189514698,-0.0078599999999999,0.1510676291315696,-0.4556114160487772,1.0,0.0017458715195629,0.9982492779744644,4.850505972916102e-06,0.0128957010278727,0.9613607731770558,1,0.8139849869940377,1,1
2024-02-23,2.47,-0.0068367646623457,0.0061896717755507,0.0081698634712423,0.0699999999999999,0.6817711801058906,67.0,-0.0035432664027599,0.0315317112086159,0.0381830151415405,0.003960944136371,0.0494005253785924,5.53033591968999,0.0065678429070538,0.0078892836830571,0.0573805065372522,7.0,-0.3459812072462519,0.1168561386615361,5.8910418482053855,0.0199999999999995,0.002227439329469,0.0088590403168653,0.008808168752741,0.0095099255987853,-1.4773826889797377,0.4019651482307627,-0.00808,0.1706081558928181,-0.7963466079569309,1.0,0.0104940067322505,0.9895028086783728,3.184589376740169e-06,0.0583028841323772,0.9615091614788522,1,0.8197015843197522,1,1
2024-03-01,2.71,-0.0018302004976995,0.0064641699374206,-0.0049074664911801,-0.04,0.6545696509112192,58.0,-0.0055731262466529,0.0347738507003803,-0.0446601941747573,0.0038914451585096,0.0158524882922068,5.675859812872631,0.0037484244907541,0.0077433726963234,0.044364975793199,6.0,-0.3901628448779346,0.111355287256721,6.1623032950711165,-0.04,0.0036395697090441,0.0117828744809755,0.0247735629885185,-0.0020569964343265,-1.434771171169608,0.4024519026376615,-0.0063199999999999,0.1745197491894491,1.1238970502587915,1.0,0.0045461927742192,0.995444511696356,9.295529424432493e-06,0.029172526353819,0.9614082711435584,1,0.777425086401644,1,1
2024-03-08,2.34,-0.0038254146808976,0.0064641699374206,0.0158010820651127,-0.04,0.6248174677061229,58.0,-0.0055731262466529,0.0347738507003803,-0.0446601941747573,0.0038914451585096,0.0158524882922068,5.816686870877962,0.0037484244907541,0.0092115532272045,-0.4145205441729947,6.0,-0.2572016880819853,0.0856904728828349,6.412186738016088,0.04,0.0173448334084698,0.0187031841184316,0.0247735629885185,0.0067613584943057,-1.303327538555312,0.3996780378463067,-0.0036399999999999,0.1236065185521256,2.1681367435608703,1.0,0.0060753558661128,0.9939205311013568,4.113032530005137e-06,0.0371176265671927,0.9614342110617808,1,0.496371749517497,1,1
2024-03-15,2.1,0.0004127946716592,0.0064641699374206,-0.0025027078600496,-0.04,0.5921302746802839,58.0,-0.0055731262466529,0.0347738507003803,-0.0446601941747573,0.0038914451585096,0.0158524882922068,5.95315042645471,0.0037484244907541,0.0068060338927276,-0.4145205441729947,6.0,-0.2921300558019793,0.0923405962419146,6.643105045499603,0.0200000000000004,0.2142643618441095,0.0186905811241059,0.0247735629885185,-0.0101951276348813,-1.1245642624719898,0.3904047093774542,-0.00139,0.1403503269882906,1.9852613417744944,1.0,0.0002881999937743,0.9997036376964672,8.162309758495988e-06,0.0027413126877579,0.9613360466129544,1,0.4745500833381134,1,1
2024-03-22,2.21,-0.0036623062226853,0.0064641699374206,-0.0016368053505373,-0.04,0.5559906569545973,58.0,-0.0055731262466529,0.0347738507003803,-0.0446601941747573,0.0038914451585096,0.0158524882922068,6.0855440310496505,0.0037484244907541,0.0074368572019956,-0.4145205441729947,6.0,-0.2513538000326641,0.0916125381314352,6.856974518510552,-0.0200000000000004,0.1641639440729927,0.0182708043155388,0.0247735629885185,-0.001726145257826,-0.8203350674844114,0.3788426051238636,0.0018999999999999,0.1184422704467346,1.9073013489767627,0.0,0.0232885981657814,0.9767095015722408,1.9002619778764731e-06,0.110602448198318,0.9617261864653832,1,0.39674685602305165,0,0
2024-03-29,2.4,-0.0039403285554515,0.0,0.0201231130702918,-0.04,0.5156732620897275,58.0,-0.0055731262466529,0.0347738507003803,-0.0640456563094483,0.0,0.0114939333742936,6.214127824190815,0.0006081463815858,0.0074538265397908,-0.3535533905932861,6.0,-0.2044224062673959,0.0703054559965551,7.019123844719008,0.0,0.0991145788487408,0.0194588473529256,0.022643558940977,-0.0091875335234807,-0.2724690673101588,0.3695998814910688,0.00456,0.086592229938491,1.6899480643486051,0.0,0.1380613158281543,0.8619372792476414,1.404924204307747e-06,0.401448670298288,0.9636729852274712,1,0.3895661670440463,0,0
2024-04-05,2.33,-0.0060364162330843,0.0038932930343353,-0.0141299343878438,-0.0799999999999999,0.473707775407348,57.0,-0.0099710625857999,0.0335736395011916,-0.0748256182625237,0.0027052450819466,0.0161321522655276,6.22365215559513,0.001033705541002,0.0075482661569068,-2.01203870386756,-10.0,-0.1123818799501348,0.0962047667368063,7.039079665263652,-0.0300000000000002,0.0769517589678479,0.0220930889156722,0.0224269466482785,-0.005657997271164,0.7174367253568378,0.3582016840489828,0.0054899999999999,0.0868496237347265,1.3611336190457874,1.0,0.0343351408440153,0.9656518807511792,1.297840480556582e-05,0.1496612640708314,0.9619135560654442,1,0.5498908260275299,1,1
2024-04-12,2.31,-0.0001857637241352,0.0038932930343353,0.0081495027614066,-0.0799999999999999,0.4254565703479422,57.0,-0.0099710625857999,0.0335736395011916,-0.0748256182625237,0.0027052450819466,0.0161321522655276,6.203224967708141,0.001033705541002,0.0081578245330118,0.049718197734114,-10.0,-0.162724734031905,0.1317736153951605,7.05128273687034,0.0200000000000004,0.0380514680899082,0.0201294090584341,0.0224269466482785,0.0135308682694114,1.743328574347752,0.3522198511291403,0.00591,0.126942056523015,1.1159756162979062,1.0,0.0055656678655136,0.9944136130370232,2.0719097463046283e-05,0.0346863496978409,0.96142555942004,1,0.580799333790526,1,1
2024-04-19,2.3,-0.0043922058311069,0.0038932930343353,0.0117071397515496,-0.0799999999999999,0.3684584420892346,57.0,-0.0099710625857999,0.0335736395011916,-0.0748256182625237,0.0027052450819466,0.0161321522655276,6.152547939987442,0.001033705541002,0.0083785907286804,0.049718197734114,-10.0,-0.2154053099756444,0.1806288617976409,7.055773285159836,0.0,0.067676851896576,0.0199799630197613,0.0224269466482785,-0.0031572887779636,1.735129508581733,0.349573916471102,0.0051399999999999,0.1705244012702532,0.7852501955828851,1.0,0.0008421262368609,0.9991026973218642,5.51764412747007e-05,0.0073998041749054,0.961345424847462,1,0.6537327037157936,1,1
2024-04-26,2.2,-0.0004148264818095,0.0038932930343353,-0.0076987990730604,-0.0799999999999999,0.2977315021376738,57.0,-0.0099710625857999,0.0335736395011916,-0.0115176151761517,0.0027052450819466,0.0097961896637933,6.070863580692788,0.0007535104987285,0.0083932363009997,0.3535533905932805,-10.0,-0.330290495715737,0.2122288185628816,7.052566042427174,0.0099999999999997,0.0920812686536611,0.0259103907044058,0.0040720918970776,0.0078127011489814,1.4108182507753555,0.3421108285403237,0.00217,0.1828348200660332,-0.0996761458380123,1.0,0.0003500358115548,0.9996400040186068,9.9601698381844e-06,0.0032600428698136,0.9613370948127264,1,0.6417808118650447,1,1
2024-05-03,2.19,-0.0053982244218591,0.0016616275657954,0.0192754907985056,0.41,0.281878931668941,63.0,-0.0006499644303002,0.0326902905694002,-0.0467479674796748,0.001404065493674,0.036989506060391,6.121965496346654,0.0024111769882142,0.0087518576468821,2.3535154529591304,0.0,0.0023396704847851,0.1801140511692413,6.974744355424134,-0.0099999999999997,0.0948977378747804,0.0247098630569688,0.0126769506091667,0.0104534306821525,1.0960712154842882,0.3288503214787442,0.00015,0.1500892591569876,-1.052889723081915,1.0,0.0070601925178033,0.9929384526499284,1.3548322681164582e-06,0.0420259932817896,0.9614509170959716,1,0.7352369642741725,1,1
2024-05-10,2.11,-0.0012313795607291,0.0016616275657954,-0.0014621301911922,0.41,0.2642163169775291,63.0,-0.0006499644303002,0.0326902905694002,-0.0467479674796748,0.001404065493674,0.036989506060391,6.166410251079045,0.0024111769882142,0.0086118045332188,-0.2099444607649712,0.0,-0.0061782607080821,0.1713757359055454,6.883730573339299,0.0199999999999995,0.1173615236044465,0.0248208286592574,0.0126769506091667,0.0018955966756995,0.8207647203233334,0.3146385797982467,-0.00072,0.1507125930846309,-1.48858362762992,1.0,0.0102408031268757,0.989758092907189,1.1039659354895227e-06,0.0571213832456903,0.9615048673647996,1,0.7468693069205994,1,1
2024-05-17,2.19,-0.0066820717686275,0.0016616275657954,-0.0348822405971397,0.41,0.2443514630203703,63.0,-0.0006499644303002,0.0326902905694002,-0.0467479674796748,0.001404065493674,0.036989506060391,6.204340912123015,0.0024111769882142,0.0067224787796997,-0.2099444607649712,0.0,0.0158606919801709,0.1444632924211788,6.778993371527443,-0.0099999999999997,0.1189377238835334,0.0244498829126142,0.0126769506091667,-0.0061458017165768,0.6217072224302529,0.3073226474783688,-0.0003399999999999,0.1245563555756742,-1.1168926793217322,1.0,0.0235349846114083,0.9764644563929528,5.589956389759837e-07,0.1115033791066168,0.9617303662246918,1,0.7239376436413851,1,1
2024-05-24,2.13,-0.0006442804977689,0.0016616275657954,0.0079603518888888,0.41,0.221693162023323,63.0,-0.0006499644303002,0.0326902905694002,-0.0467479674796748,0.001404065493674,0.036989506060391,6.235876349491792,0.0024111769882142,0.0069940119499867,-0.2099444607649712,0.0,0.155433281768893,0.0917975256437209,6.659885314191325,0.0,0.0694922688730144,0.0287618631448014,0.0126769506091667,-0.0099590069167971,0.5782310684144033,0.3028935369415911,0.0006399999999999,0.0815475321515519,-0.5953016548103696,1.0,0.0423408510998359,0.9576585953413314,5.535588325954896e-07,0.1753219505024113,0.9620493552239586,1,0.7425136217157442,1,1
2024-05-31,2.13,-0.0020887543177224,0.0,-0.0167509027312343,0.45,0.2166293087215054,61.0,0.0074251195570098,0.0293665542478263,-0.0356408498971898,0.0,0.0370956277695015,6.129876394788216,0.002185297793287,0.008513034645987,-0.3535533905932749,8.0,0.1910681284404396,0.0838365757208345,6.616487245440076,0.0,0.0731809333193662,0.02324384402526,0.0126009433247776,-0.0032269991207493,1.4155950969266995,0.2948970216765283,0.00351,0.0577556428907413,0.5692399741693226,1.0,0.0201191251954672,0.9798795692095216,1.3055950111486507e-06,0.0985213341969637,0.961672425431604,1,0.6958011190820677,1,1
2024-06-07,2.13,-0.0039306351080999,0.0003375054526233,-0.0094756745967165,0.43,0.2165608988516045,61.0,0.0077347492399091,0.029713971072633,0.0013708019191227,0.0009273959037392,0.0367217173744388,6.012806844880622,0.0021724382086295,0.0073150211790293,-0.2318548351631337,8.0,0.2945874221397782,0.1003920884761113,6.571884674501947,0.0599999999999996,0.0763859306002334,0.0227340600368893,0.0197929317400903,-0.0078265950144089,2.2307976308228272,0.2869649260420204,0.0056999999999999,0.0581715443446116,1.4633767866547205,1.0,0.0476271435135145,0.9523713028573986,1.5536290868036878e-06,0.1914905918403831,0.9621390220354183,1,0.43309499791866635,0,1
2024-06-14,2.17,0.0004530239521081,0.0003375054526233,-0.0034689427137484,0.43,0.2164924587849719,61.0,0.0077347492399091,0.029713971072633,0.0013708019191227,0.0009273959037392,0.0367217173744388,5.88400700726431,0.0021724382086295,0.0074323328859753,-0.3733307073305634,8.0,0.0946048918565198,0.1485885979091123,6.526052904767812,-0.0099999999999997,0.0929227957979446,0.0220003901896418,0.0197929317400903,-0.0196353421061342,2.0877204973461176,0.2783518477237818,0.00718,0.0887914892961985,1.667066706841951,1.0,0.0113231548206307,0.9886632016015804,1.364357778900524e-05,0.062163118615274,0.9615232217499666,1,0.3342875310969005,0,1
2024-06-21,2.16,-0.0008860756354823,0.0003375054526233,0.0001420571219719,0.43,0.21642398849296,61.0,0.0077347492399091,0.029713971072633,0.0013708019191227,0.0009273959037392,0.0367217173744388,5.742687658096905,0.0021724382086295,0.0071491572015501,-0.3733307073305634,8.0,-0.0087944914040014,0.1370544730078282,6.478965850480744,-0.0199999999999995,0.167293219811714,0.0200335347192251,0.0197929317400903,-0.0062941437427549,1.8917272374862089,0.2678133340602633,0.00772,0.0918753036924485,1.352443230392628,1.0,0.0179541375889026,0.9820414342793812,4.428131716255217e-06,0.090025384972559,0.961635701296598,1,0.48355207551759105,1,1
2024-06-28,2.18,-0.0029477940286316,0.0003375054526233,-0.0060860078396855,0.43,0.2163554879468725,61.0,0.0077347492399091,0.029713971072633,0.0383795309168444,0.0009273959037392,0.0046048922074374,5.587899013458664,0.0001086637826396,0.0070140519716028,-0.3535533905936297,8.0,-0.070407440977131,0.1289518182446319,6.4697929032661206,-0.0099999999999997,0.1543035336927847,0.0191977620609657,0.0135692132850299,-0.0045990719757534,1.6786395774049137,0.2593031472465527,0.0066499999999999,0.1000624804809883,0.8144716786158469,1.0,0.0128456297068268,0.9871517913644888,2.578928684832426e-06,0.0687380274856452,0.9615490504205996,1,0.5742956299992553,1,1
2024-07-05,2.22,-0.0013335337621348,0.0011617728972705,-8.63334958888613e-05,0.3149999999999999,0.2232215502898338,63.0,-0.009226344732312,0.028947531984913,0.0206112295664533,0.0017274411884795,0.0097980366223047,5.587899013458664,0.0032352241799001,0.0069445756835615,-2.4735058506174687,7.0,-0.1018590277674538,0.1222336755096433,6.55418878646003,-0.0200000000000004,0.1259139314230442,0.0184786878884136,0.0156262295472186,0.0027342558855194,1.487747437469927,0.2571249410192239,0.00529,0.1200000000000335,0.2477153198949028,0.0,0.001315360294249,0.9986819205797348,2.719126016062377e-06,0.0100776893112067,0.9613534715534549,1,0.6322652660105863,1,0
2024-07-12,2.15,0.0003543575313784,0.0011617728972705,0.0038761811308525,0.3149999999999999,0.2297511989130998,63.0,-0.009226344732312,0.028947531984913,0.0206112295664533,0.0017274411884795,0.0097980366223047,5.587899013458664,0.0032352241799001,0.0068849501851332,0.3397864929844079,7.0,-0.0827097421454742,0.12601020366858,6.63609127353142,-0.0300000000000002,0.0900291843062277,0.0175534405019167,0.0156262295472186,-0.0012794413450782,1.3864077877245355,0.2489652795215862,0.0054499999999999,0.1627223753163015,0.080133813154709,0.0,0.0074956412382496,0.9925018680639478,2.4906978027330443e-06,0.0441815104195029,0.9614583028425754,1,0.624941180018841,1,0
2024-07-19,2.23,-0.0021915596437968,0.0011617728972705,0.0115906046886669,0.3149999999999999,0.2359723624269571,63.0,-0.009226344732312,0.028947531984913,0.0206112295664533,0.0017274411884795,0.0097980366223047,5.587899013458664,0.0032352241799001,0.0059815982344157,0.3397864929844079,7.0,-0.2156284649455712,0.1122497216033331,6.71559159251045,0.0,0.0397041335242052,0.0121409517593864,0.0156262295472186,0.0123167676388452,1.3238177295587206,0.2401497615946944,0.0049,0.15881255797775,-0.6666013552096474,1.0,0.0007280046119914,0.9992402410925476,3.1754295460712646e-05,0.0063483460124168,0.9613434978496084,1,0.6496400839194979,1,1
2024-07-26,2.28,-0.0003873341188225,0.0011617728972705,0.0066151831014103,0.3149999999999999,0.2419088419133417,63.0,-0.009226344732312,0.028947531984913,0.0206112295664533,0.0017274411884795,0.0097980366223047,5.587899013458664,0.0032352241799001,0.0051522941843719,0.3397864929844079,7.0,-0.2395754233285438,0.0713016729919757,6.792774086397246,-0.0499999999999998,-0.0424422696851723,0.0123754884401133,0.0156262295472186,0.0319429775220779,1.261666217995086,0.2354113725562769,0.00368,0.1655240595373425,-1.6349511922464737,1.0,0.0005391155127427,0.999444461104514,1.6423382743179857e-05,0.0047934750495729,0.9613402996053494,1,0.6590672749960343,1,1
2024-08-02,2.26,-0.003756043164519,0.0008138869460163,0.0067681483902795,0.18,0.2579561542659835,67.0,-0.0040500082805017,0.0253073029645696,0.0102669404517454,0.00253966263247,0.0131208960692928,5.9677337535988615,0.0037982014048006,0.009355268188077,1.348446668644118,-11.0,-0.2367093201869122,0.1150077637132045,6.678571572602063,-0.0899999999999998,-0.1122917542384271,0.0126837552935544,0.0122724268184516,0.0237774994507336,1.163058094289568,0.2434840129352942,0.0018799999999999,0.2744214693808591,-1.8076621893429217,1.0,1.0827835548369135e-07,0.9976179452326892,0.0023819464889551,0.0167675212348405,0.9613302724635924,1,0.7164121274293975,1,1
2024-08-09,2.3,-0.0004367273947601,0.0008138869460163,-0.0064529220401158,0.18,0.2712792154044943,67.0,-0.0040500082805017,0.0253073029645696,0.0102669404517454,0.00253966263247,0.0131208960692928,6.305065118921711,0.0037982014048006,0.0098546734067389,0.1496933852870254,-11.0,-0.226353825912433,0.1246638336832221,6.561462515849596,0.04,-0.0763313609467455,0.012576333899769,0.0122724268184516,0.0425469865319823,0.9080507658344856,0.2481311748646064,-0.0011599999999999,0.3002380008307806,-1.9319842224788288,1.0,3.200400220000926e-07,0.999966624505711,3.305545426690937e-05,0.0003792049089688,0.9613311542269232,1,0.7247837218899585,1,1
2024-08-16,2.22,0.0003389426105493,0.0008138869460163,-0.0038166836051514,0.18,0.282264048997035,67.0,-0.0040500082805017,0.0253073029645696,0.0102669404517454,0.00253966263247,0.0131208960692928,6.606407146445982,0.0037982014048006,0.0100677463263815,0.1496933852870254,-11.0,-0.1677774174343694,0.1405537517922734,6.441288386528169,0.0,-0.0566153658353365,0.0136701868982907,0.0122724268184516,0.0104907479294049,-0.1618084659923934,0.2548849295273703,-0.0082599999999999,0.2956349099819005,-2.1428952978847056,1.0,2.109027460996422e-09,0.9999865587911784,1.343909979424498e-05,0.000164234231927,0.9613311561680072,1,0.763534423293863,1,1
2024-08-23,2.25,-0.0052574032195324,0.0008138869460163,-0.0134901642181387,0.18,0.2911754101239725,67.0,-0.0040500082805017,0.0253073029645696,0.0102669404517454,0.00253966263247,0.0131208960692928,6.87649284491383,0.0037982014048006,0.0111290510862579,0.1496933852870254,-11.0,-0.203936966632287,0.134317055613197,6.317874282140987,-0.08,-0.0626330938909605,0.0137213554589339,0.0122724268184516,0.0025159291427812,-1.6267329126853431,0.2639097925091522,-0.01029,0.2833946012188764,-1.674621623486476,1.0,3.308102709631156e-07,0.999990838774822,8.830414906942638e-06,0.0001168597046739,0.961331163466538,1,0.8160416474033783,1,1
2024-08-30,2.17,-0.0023409120957675,0.0,-0.0537962492678675,0.165,0.2970539031804841,67.0,-0.0058423438271807,0.0227655959114847,0.0278551532033426,0.0,0.0079868988838841,6.880518763983998,0.0016097662071688,0.0112771410892499,-0.3535533905932756,-14.0,-0.2307414058728227,0.1228166461496808,6.314053372035144,-0.04,-0.1402688436228341,0.0128008197642183,0.0098482838605371,-0.0051371742662902,-1.9811882767935505,0.2688686424780986,-0.0115199999999999,0.2562225595063903,-1.359091673741197,1.0,6.349655375852386e-07,0.999993795365082,5.569669380639593e-06,8.264821439240534e-05,0.9613311698447656,1,0.8044303493852145,1,1
2024-09-06,2.26,-0.0014980546768197,0.0016042135224081,0.0067369769926631,0.13,0.3050196466472711,63.0,-0.012004422838397,0.0244063303106998,-0.0013927576601671,0.0030711493354182,0.012995175061316,6.6952336662846506,0.0028985530119669,0.0112106017714658,-2.067460347393713,-6.0,-0.1266794323569428,0.1202304335136685,6.238685082093492,-0.08,-0.2267169864354408,0.0127435342108821,0.0150502385328062,0.0022678959500014,-1.8105722013419328,0.2803106443131539,-0.01125,0.270419647426534,-1.0283993326443603,1.0,1.4744949728837053e-08,0.9997334079626292,0.0002665772924213,0.0024607125361848,0.9613310617424812,1,0.8321788468364205,1,1
2024-09-13,2.27,0.0003422111876063,0.0016042135224081,0.0193089068702941,0.13,0.3108656290286297,63.0,-0.012004422838397,0.0244063303106998,-0.0013927576601671,0.0030711493354182,0.012995175061316,6.451237209904719,0.0028985530119669,0.0121779428725411,0.0709485538996603,-6.0,-0.1282148183816753,0.1005698051818406,6.152045362460458,-0.1600000000000001,-0.2436928052798068,0.0157392999575089,0.0150502385328062,-0.0060698303450479,-1.6082678849444323,0.2931440711587511,-0.00989,0.2455860338048661,-0.6435172782663359,1.0,5.558900849481771e-06,0.999942934829562,5.150626958869308e-05,0.0006328898209692,0.9613312361914248,1,0.8174766722865001,1,1
2024-09-20,2.29,-0.0008241741638546,0.0016042135224081,5.514281692301989e-05,0.13,0.3147100011222695,63.0,-0.012004422838397,0.0244063303106998,-0.0013927576601671,0.0030711493354182,0.012995175061316,6.141535763834593,0.0028985530119669,0.0124702170840588,0.0709485538996603,-6.0,-0.0769814418672776,0.1483239697420058,6.053650283061818,-0.2199999999999997,-0.2011551800055794,0.0144018783890582,0.0150502385328062,-0.0469560055350379,-1.4337588360358076,0.3014247215228368,-0.0080199999999999,0.2033821174889526,-0.1422824118965936,1.0,2.05246742172864e-05,0.9999655094647636,1.396586101887493e-05,0.0004121537577266,0.9613315040790644,1,0.775557445809359,1,1
2024-09-27,2.22,-0.0040902292359817,0.0016042135224081,-0.0016367596549173,0.13,0.3166256801427607,63.0,-0.012004422838397,0.0244063303106998,-0.0284552845528455,0.0030711493354182,0.0114553381340971,5.755532455485922,0.0021914269975108,0.0096675624333396,0.3535533905932743,-6.0,-0.0092181465767193,0.1969771560359902,5.942915982669236,-0.0700000000000002,-0.2490362416824768,0.0141336315572488,0.0100604623339552,-0.013346804539416,-1.298611742993191,0.305599082781188,-0.00628,0.2226103257777171,0.6049044401590755,1.0,0.0024430959055401,0.997544995705792,1.1908388667916656e-05,0.0172809828101948,0.9613725970026014,1,0.7377915738324259,1,1
2024-10-04,2.17,-0.0046799045036206,0.0011512808395786,-0.0409064181067732,0.065,0.3228129983402923,61.0,-0.0099473568437596,0.0259790490491467,-0.0325203252032519,0.0031147500093535,0.0113442423806877,5.599450522492737,0.0023434760322526,0.0123831984640486,-0.9371894954422634,9.0,-0.1449969919118392,0.26435906318063,5.910181158584878,0.0500000000000007,-0.101582359815291,0.0143248941552149,0.009957364352091,-0.0001944562464623,-1.192437062100924,0.2978609006546258,-0.0042499999999999,0.2052829058362522,1.768684308350461,1.0,2.003843629998923e-06,0.999783074463684,0.0002149216926862,0.0020582579148974,0.9613311147942766,1,0.4938540552330039,1,1
2024-10-11,2.26,-1.206199867320734e-05,0.0011512808395786,0.0132952150466625,0.065,0.3284092085368018,61.0,-0.0099473568437596,0.0259790490491467,-0.0325203252032519,0.0031147500093535,0.0113442423806877,5.4207578238299385,0.0023434760322526,0.0121452292621468,0.5117290095309183,9.0,-0.1866502101855714,0.3061483067310855,5.876686561932768,0.0,-0.1383282534507588,0.0127145093622163,0.009957364352091,0.0027103178725322,-1.1162607101877289,0.2928650665574075,-0.00324,0.1855301284736059,1.5195943188019814,1.0,2.956830547742796e-05,0.9998833305417288,8.710115279362006e-05,0.0012392847580243,0.9613316301361818,1,0.5607551437030933,1,1
2024-10-18,2.47,-0.0010722536626346,0.0011512808395786,0.0201778516930519,0.065,0.3334440738547064,61.0,-0.0099473568437596,0.0259790490491467,-0.0325203252032519,0.0031147500093535,0.0113442423806877,5.217131543143196,0.0023434760322526,0.0093121698502004,0.5117290095309183,9.0,-0.2211107444046678,0.3086722718816765,5.842419125396082,0.0,-0.2200563242737676,0.0133972773639161,0.009957364352091,-0.0337715622439143,-1.15416930138631,0.275245947881271,-0.0044799999999999,0.1919402808911554,0.8795316629241502,1.0,0.0007771288490537,0.99916851794964,5.4353201306422845e-05,0.0069290533528653,0.9613443226561076,1,0.7114677378064409,1,1
2024-10-25,2.39,-0.0014029835989001,0.0011512808395786,0.0098096854340664,0.065,0.3379426849461496,61.0,-0.0099473568437596,0.0259790490491467,-0.0325203252032519,0.0031147500093535,0.0113442423806877,4.985517487220647,0.0023434760322526,0.0092969525150733,0.5117290095309183,9.0,-0.190897624841588,0.3311020559111566,5.807365168135196,0.0,-0.1608604394313577,0.0118082170760744,0.009957364352091,-0.0032580869157985,-1.2486805156472556,0.2599358169996925,-0.00461,0.2246862892377569,0.6477304749549959,1.0,0.0006706931380336,0.9992134321037848,0.0001158747581816,0.0067373196001382,0.9613424942707204,1,0.7407411940392629,1,1
2024-11-01,2.32,-0.0022644865684279,-0.0005417152415225,0.0142543546300247,-0.02,0.3398730989308892,60.0,-0.0155794094814893,0.0274938039609056,0.0516039051603904,0.0028781808405158,0.0065433209402486,4.762190833897759,0.0012732611743149,0.0083392924949837,-0.8895046334012775,-1.0,-0.2423897504025475,0.3320472212545665,5.807365168135196,-0.1200000000000001,-0.1368774559689373,0.0119153341665376,0.0200717132989669,0.0056741307814266,-1.4346904772722333,0.2555733949005981,-0.00608,0.2623928352680477,-0.1014435063404398,1.0,0.0002307746419083,0.9996216473701264,0.0001475779879653,0.0036126119250047,0.9613350204294232,1,0.7971497827480843,1,1
2024-11-08,2.28,-0.0027362981910574,-0.0005417152415225,0.0128860413757427,-0.02,0.3416265800530743,60.0,-0.0155794094814893,0.0274938039609056,0.0516039051603904,0.0028781808405158,0.0065433209402486,4.5193600636167215,0.0012732611743149,0.0083330412598703,0.5080404773100452,-1.0,-0.1200132156055453,0.2730482688882646,5.807365168135196,0.0199999999999995,-0.0879875738841182,0.0120481510495757,0.0200717132989669,0.0286602194670407,-1.6256797223454535,0.2489071134605102,-0.0079899999999999,0.2695730751709973,-1.3410723865708911,1.0,2.611326069120697e-07,0.9998388931091868,0.0001608457582065,0.0015700503232248,0.9613311054512254,1,0.8090566320225065,1,1
2024-11-15,2.23,-0.0038875947396587,-0.0005417152415225,-0.0059670048245704,-0.02,0.3432058402391097,60.0,-0.0155794094814893,0.0274938039609056,0.0516039051603904,0.0028781808405158,0.0065433209402486,4.2536861842224045,0.0012732611743149,0.0089756066000851,0.5080404773100452,-1.0,-0.0462838115397812,0.2654376440092151,5.807365168135196,-0.0300000000000002,-0.1168797314260081,0.0207333030089712,0.0200717132989669,0.0028408417113855,-1.6335250052206214,0.2487024396122835,-0.0074599999999999,0.2458767112657541,-1.145994588325108,1.0,0.005955864248607,0.9940290132788572,1.5122472535582183e-05,0.0366351236472131,0.9614321801041892,1,0.8099195431073525,1,1
2024-11-22,2.21,-0.0062259692256816,-0.0005417152415225,0.0062926442978956,-0.02,0.3446132747055852,60.0,-0.0155794094814893,0.0274938039609056,0.0516039051603904,0.0028781808405158,0.0065433209402486,3.960574938838085,0.0012732611743149,0.0069613687718084,0.5080404773100452,-1.0,0.0959719536243715,0.2265226258015283,5.807365168135196,0.0300000000000002,-0.0569235239560864,0.0293575947019584,0.0200717132989669,-0.0073095117671519,-1.4873840577120894,0.2474438705645409,-0.00508,0.1765492646746211,0.1936008767880681,1.0,0.0272180153852406,0.9727699565481776,1.202806658169946e-05,0.1250825090430253,0.9617928342665858,1,0.7672393734916997,1,1
2024-11-29,2.12,-0.0026851129831589,0.0,0.0034331581503774,-0.02,0.342780108013938,60.0,-0.0130274315602599,0.0285154492642121,0.0560224089635854,0.0,0.0065194242237055,3.865428625849524,0.0006291270201921,0.0085681623277249,0.3535533905932836,0.0,0.1950959651763133,0.187749833555236,5.793323249091847,-0.0499999999999998,-0.0819495034404377,0.0304764723170402,0.0198069126382787,-0.0022448289942679,-1.3217395575799238,0.2473603480346242,-0.0034299999999999,0.1561535416551137,1.0661827249783011,1.0,0.1989376475853149,0.8010600897472913,2.262667393916884e-06,0.4989573319313602,0.9647055818378848,1,0.7122185411739606,1,1
2024-12-06,2.11,-0.0013487054570943,0.0003549999524554,0.0404712229338052,0.04,0.3392336561493276,61.0,-0.0027414662172438,0.0288805721998006,0.0364145658263306,0.0018657583749928,0.0118186486011,3.731157791026395,0.0038255305105693,0.0089442400348796,2.441869699089167,-7.0,0.191786078406178,0.159194400475882,5.776995779929113,-0.1600000000000001,-0.0565773721573062,0.0305539103153466,0.0217384125519563,-0.003500915615487,-1.1783367275468557,0.2472493474592524,-0.0023299999999999,0.1346954236151477,1.4825334911289911,0.0,0.6534250745081496,0.3465745511302939,3.743615565628589e-07,0.6453060792654632,0.9724146922867684,0,0.583779342804738,1,0
2024-12-13,2.17,0.00024043526614,0.0003549999524554,0.009726747185298,0.04,0.335407712418672,61.0,-0.0027414662172438,0.0288805721998006,0.0364145658263306,0.0018657583749928,0.0118186486011,3.588014235457364,0.0038255305105693,0.0101010344612913,-0.2823887371208252,-7.0,0.3167402867397439,0.1627388354740384,5.760032889129428,-0.08,-0.0019599522476593,0.0295008020214776,0.0217384125519563,-0.0105122806188127,-1.0554392169720366,0.246414713768089,-0.00156,0.0983797307811864,1.4078223262413248,0.0,0.5574389392966675,0.442559075442423,1.985260909428388e-06,0.6865605595839939,0.9707865550050108,0,0.6075732213514307,1,0
2024-12-20,2.16,-0.0011820250424611,0.0003549999524554,0.0013447345575966,0.04,0.3312925937996592,61.0,-0.0027414662172438,0.0288805721998006,0.0364145658263306,0.0018657583749928,0.0118186486011,3.434888868429385,0.0038255305105693,0.0101362142702535,-0.2823887371208252,-7.0,0.4360153475800468,0.1968275169497094,5.742428945670107,0.0,-0.0557367945921323,0.029159979991532,0.0217384125519563,0.0116913346222901,-0.976718332745976,0.2475411509584205,-0.00117,0.0914076426939492,1.2128926255383452,1.0,0.312406996287354,0.6875593721737142,3.363153893165344e-05,0.621380465117801,0.966630260673118,1,0.697115888516748,1,1
2024-12-27,2.12,-0.0004890169322656,0.0003549999524554,-0.0139762536144838,0.04,0.3268773790493592,61.0,-0.0027414662172438,0.0288805721998006,-0.0185676392572944,0.0018657583749928,0.0108331122465904,3.2703798885424926,0.0036846393089701,0.0103799573940244,-0.3535533905932742,-7.0,0.3977724838019512,0.2571825366211191,5.724178035139222,-0.0300000000000002,-0.0146546131109092,0.029117382793625,0.0065646518147296,0.0096475532409831,-1.2379892071791716,0.2504436485841884,-0.0040499999999999,0.0933407735130134,0.0326726415778354,1.0,0.2631211029704545,0.7368712896193313,7.607410214244896e-06,0.5763911912230602,0.9657942728857924,1,0.7415751026896691,1,1
2025-01-03,2.19,-0.0048609032607349,0.0065461573802696,0.0162233795655003,0.2000000000000001,0.3263856767445668,69.0,0.0084900269395085,0.030004831121501,-0.0318302387267904,0.0042659291775324,0.0164961464042968,3.1749015732772805,0.0039251952165498,0.0104790540433893,-0.9153610256918824,-7.0,0.1593502322912388,0.2678185686510573,5.650451469568266,0.0300000000000002,0.002032265693544,0.0290363360709351,0.0075472060079114,0.0017103174842713,-1.5833058288353308,0.2552379630813372,-0.00478,0.0937987968244902,-0.5038724605604512,1.0,0.472337356026404,0.5276626407969274,3.176668513675095e-09,0.6916160184116309,0.9693430450879668,1,0.7770988311372252,1,1
2025-01-10,2.22,0.000155126070213,0.0065461573802696,0.003543203155722,0.2000000000000001,0.3258837765057771,69.0,0.0084900269395085,0.030004831121501,-0.0318302387267904,0.0042659291775324,0.0164961464042968,3.06844987174031,0.0039251952165498,0.0099435680633387,-0.2485322447200677,-7.0,0.2040447104286504,0.3013037148318009,5.574667979074135,0.0200000000000004,0.0535222808656401,0.0240495511784339,0.0075472060079114,0.0104240434657865,-1.784658807487864,0.2637652299506926,-0.00617,0.1057963002324042,-1.46284095543274,1.0,0.0934661633095305,0.9064937573847196,4.007930574988761e-05,0.3109266791553877,0.9629165385672138,1,0.7839472266737126,1,1
2025-01-17,2.3,-0.0028429045718469,0.0065461573802696,-0.0105368671869965,0.2000000000000001,0.3253716311406908,69.0,0.0084900269395085,0.030004831121501,-0.0318302387267904,0.0042659291775324,0.0164961464042968,2.9498370228771846,0.0039251952165498,0.0100843467211114,-0.2485322447200677,-7.0,0.5672885551891202,0.2902092840889876,5.496742487953684,-0.0200000000000004,0.060890796462605,0.0143374934586642,0.0075472060079114,0.0110944527515194,-1.7039989755782674,0.2685809870529866,-0.0053599999999999,0.0975412000863913,-0.9673907437075828,1.0,0.0335522627187914,0.9664290390589148,1.869822229364516e-05,0.1471028328284255,0.9619002745863038,1,0.7803009317581007,1,1
2025-01-24,2.26,-0.0003380123411086,0.0065461573802696,0.0009231118374271,0.2000000000000001,0.3248491921930361,69.0,0.0084900269395085,0.030004831121501,-0.0318302387267904,0.0042659291775324,0.0164961464042968,2.8175275577108323,0.0039251952165498,0.0095172601209744,-0.2485322447200677,-7.0,0.4848820460956671,0.210696125125429,5.416582549525898,0.0099999999999997,-0.0429431916726642,0.011788979750552,0.0075472060079114,0.0018841955732331,-1.5814426354812572,0.2735488243002331,-0.0050599999999999,0.0834522960396754,-0.6646948357998271,1.0,0.0362363613033648,0.9637589741455282,4.664551106984494e-06,0.1558545930284583,0.9619458080683998,1,0.7970413376455445,1,1
2025-01-31,2.19,-0.001986896495193,0.0,-0.0033792306721129,0.3550000000000001,0.3236553274198039,63.0,-0.0021967392930148,0.0236686581208147,-0.0135135135135134,0.0,0.0109888215995205,2.9438331892537923,0.0009254023617678,0.008898716887801,0.3535533905932778,14.0,0.4641654237325454,0.1012775535701547,5.433680785417876,-0.04,0.0034587715027964,0.0108072655419453,0.0047777485215312,0.0071081224847971,-1.381534026396051,0.2754414391941799,-0.003,0.0533853912602322,0.491300453414626,1.0,0.0192771244567726,0.9807116214294131,1.1254113813881496e-05,0.0953515941010481,0.961658139521496,1,0.6837734201377665,1,1
2025-02-07,2.28,-0.0010634793477326,0.0044417022642924,0.0005188592469818,0.4800000000000001,0.3227602395529678,63.0,0.00811985840355,0.0282154895174751,-0.0175675675675676,0.0025474528551803,0.0346959676801211,3.003587598445672,0.0038968645543914,0.0071870926949978,2.405543141078519,14.0,0.7915538766286476,0.0812403840464373,5.450448664886082,0.04,-0.0760020382121082,0.0114963116231848,0.0047910936957525,-0.0249927003143581,-1.0279640040184848,0.2769138122717417,0.0009299999999999,0.051199888392815,1.882723346094072,0.0,0.0323760700706874,0.9675802193340094,4.371059530352798e-05,0.1433880392763815,0.9618803144120348,1,0.4651048413916406,1,0
2025-02-14,2.38,0.0003785089712351,0.0044417022642924,0.0286491864711649,0.4800000000000001,0.321733798985349,63.0,0.00811985840355,0.0282154895174751,-0.0175675675675676,0.0025474528551803,0.0346959676801211,3.0007691321748533,0.0038968645543914,0.0090316012102789,-0.2476952052419333,14.0,1.3151025355497814,0.0901486867031261,5.466889227709451,-0.0099999999999997,-0.1067054466110035,0.0085453968088085,0.0047910936957525,-0.0088012269925639,-0.4409989248157596,0.2782958266291054,0.00446,0.052304056111571,1.9909195591952928,0.0,0.0467072334752232,0.953287022500846,5.744023930821296e-06,0.1887780929411494,0.9621234167644246,1,0.39914224525696557,0,0
2025-02-21,2.34,-0.0045763470327274,0.0044417022642924,-0.0085188385484717,0.4800000000000001,0.3205747439942639,63.0,0.00811985840355,0.0282154895174751,-0.0175675675675676,0.0025474528551803,0.0346959676801211,2.935197542821011,0.0038968645543914,0.0082298595570816,-0.2476952052419333,14.0,1.6412976217115287,0.1027827111643716,5.483005418224655,-0.0199999999999995,-0.0796182050983587,0.0058178092346776,0.0047910936957525,0.0016979084876282,0.935339850409455,0.2790492369124839,0.0094299999999999,0.061353775061471,1.884217483223544,0.0,0.0513001144722913,0.9486760549596948,2.383056801389388e-05,0.2026019434459017,0.9622013153999504,1,0.2797642429755863,0,0
2025-02-28,2.4,-0.0023931296787005,0.0044417022642924,-0.0165488370939179,0.4800000000000001,0.3112594077690127,68.0,0.0063887713709778,0.021611618406055,-0.0041095890410959,0.0025474528551803,0.0345170674219374,3.4950514467432723,0.0036554982716962,0.0075794669656529,-0.3535533905932742,12.0,1.0893733138544706,0.1494752726803684,5.483005418224655,0.0,-0.1276728639317492,0.0183506946677943,0.0014529591394262,-0.0005618741245914,2.019419354815224,0.2788380193332014,0.0133699999999999,0.1168561386614519,1.6674229917647772,0.0,0.005940413370063,0.9939365442549816,0.0001230423749555,0.0376032036605472,0.9614318776755686,1,0.1923536690326362,0,0
2025-03-07,2.34,-0.0013799675765998,0.0022470712857509,-0.0043273039716488,0.6300000000000001,0.3091858245615489,68.0,0.005802453773984,0.0239072525389649,0.0143835616438356,0.0006913185749619,0.0504669576355797,4.031605902595585,0.0036905588555504,0.0109471932741885,-0.4883230332453075,4.0,1.4371192773843062,0.1357452972087784,5.483005418224655,0.0199999999999995,-0.1406230088488651,0.0183422433659168,0.0069238480447823,0.0184452082400031,2.0072769374204604,0.2776582749479666,0.01666,0.1244416099450696,1.4976512627435998,0.0,6.215268353448572e-05,0.9997855292059522,0.000152318110513,0.0021552595328252,0.9613321584567142,1,0.20331616760358742,0,0
2025-03-14,2.39,0.000415435554653,0.0022470712857509,0.006436211879406,0.6300000000000001,0.3056449071516346,68.0,0.005802453773984,0.0239072525389649,0.0143835616438356,0.0006913185749619,0.0504669576355797,4.427188724235413,0.0036905588555504,0.01212732609679,-0.3304619747523869,4.0,1.4797584063439224,0.1336306209562654,5.483005418224655,-0.0099999999999997,-0.1710266591038003,0.0199317204355534,0.0069238480447823,0.0281689210365763,1.8413526628943515,0.2776582749479666,0.01834,0.1312508503374048,1.2834072566663235,0.0,4.089183743350693e-05,0.9998965628927514,6.254526981523315e-05,0.0011220410450174,0.9613318313888922,1,0.30687565206176404,0,0
2025-03-21,2.41,-0.0005309508547214,0.0022470712857509,-0.0335609352830539,0.6300000000000001,0.30058480400462,68.0,0.005802453773984,0.0239072525389649,0.0143835616438356,0.0006913185749619,0.0504669576355797,4.71739823990334,0.0036905588555504,0.0117574680941605,-0.3304619747523869,4.0,1.399035518547104,0.1246709955958954,5.483005418224655,0.0,-0.1531687820266862,0.0199586556790514,0.0069238480447823,0.0031223152704316,1.68110034072485,0.2775623121104416,0.0179199999999999,0.1409913877815839,0.995564632732612,0.0,1.710465158807586e-05,0.9999608584508504,2.203689756142681e-05,0.0004631812540805,0.961331443050444,1,0.37684900247856085,0,0
2025-03-28,2.38,-0.0023281589560185,0.0022470712857509,-0.0056208843964465,0.6300000000000001,0.2939270649363518,68.0,0.005802453773984,0.0239072525389649,0.0143835616438356,0.0006913185749619,0.0504669576355797,4.9209129859591485,0.0036905588555504,0.0113415540761657,-0.3304619747523869,4.0,1.3057288887314158,0.0942545944314842,5.483005418224655,0.0,-0.1660454233814116,0.0204097315446645,0.0069238480447823,0.0113787247328131,1.5517980701042715,0.2773335109931371,0.0167899999999999,0.1528245960009778,0.6870642946216685,1.0,1.996537174271941e-06,0.9999374839079967,6.0519554828955736e-05,0.0006765157245949,0.9613311723961108,1,0.43839998143384235,0,1
2025-04-04,2.45,-0.0024926364040044,0.0031144562678433,-0.026140548682432,0.375,0.2929722143854729,64.0,0.0088235235436946,0.0231128886167348,-0.0220082530949106,0.0023857041972428,0.0479473273698778,5.076037218751498,0.0003926680840919,0.0142554821610921,2.115185655370881,-4.0,1.1495798122904448,0.1229111177117771,5.5849398872759615,-0.0499999999999998,-0.2867334131123399,0.0236545866477537,0.0163678407419632,0.097386005997988,1.4457563910223492,0.2794284189686545,0.01502,0.1781652523441678,0.2120284365180414,1.0,1.0933057418658694e-26,0.398312164665828,0.6016878353341719,0.6723213709291163,0.9611062103045174,2,0.5360743805474689,1,1
2025-04-11,2.47,0.0005895780917302,0.0031144562678433,0.0007779931071906,0.375,0.2905977867149662,64.0,0.0088235235436946,0.0231128886167348,-0.0220082530949106,0.0023857041972428,0.0479473273698778,5.183999050331953,0.0003926680840919,0.0197485198291407,-0.090214459005512,-4.0,0.9926553606869042,0.124892811185151,5.6839856005872855,0.0599999999999996,-0.2820453260474964,0.0325534982175464,0.0163678407419632,0.1258150271604938,1.3279305795050342,0.2791257089335444,0.01078,0.1424028490886849,-1.210451149614381,1.0,7.467464747280676e-38,1.1548273227161722e-06,0.9999988451726772,1.6943145006640268e-05,0.9609572952096468,2,0.5229408741392585,1,1
2025-04-18,2.44,-4.503958131918395e-05,0.0031144562678433,0.0073881714209624,0.375,0.2867685220299237,64.0,0.0088235235436946,0.0231128886167348,-0.0220082530949106,0.0023857041972428,0.0479473273698778,5.247710123325964,0.0003926680840919,0.0199223676006087,-0.090214459005512,-4.0,0.8521689116729232,0.113821602268079,5.780291057193715,0.0,-0.2220351120999775,0.0328318423120254,0.0163678407419632,-0.0020699810408709,1.0707569000786912,0.2749948580350606,-0.00041,0.1143928069666836,-2.261961383526093,1.0,6.999794625318724e-53,2.5614269732503466e-06,0.9999974385730268,3.553968539831671e-05,0.9609572957355272,2,0.6929081645794714,1,1
2025-04-25,2.44,-2.7203348598403565e-05,0.0031144562678433,-0.0093976181943444,0.375,0.2814250400243324,64.0,0.0088235235436946,0.0231128886167348,-0.0220082530949106,0.0023857041972428,0.0479473273698778,5.268775948927425,0.0003926680840919,0.0213142515183997,-0.090214459005512,-4.0,0.8197026666173286,0.1132317471888699,5.873991040089874,-0.0199999999999995,-0.2484197781206431,0.0281065558800209,0.0163678407419632,0.0113435649232211,0.7198026256549153,0.2691117168366791,-0.0064899999999999,0.1232230845719695,-1.8671625248468664,1.0,3.1122435973404786e-48,6.180259037841393e-06,0.9999938197409616,8.030722380866208e-05,0.9609572970884862,2,0.7215337762816555,1,1
2025-05-02,2.35,-0.0026242282883871,0.0020885612306924,-0.0635012253802926,0.4499999999999999,0.2768987089647049,69.0,0.0010162299356553,0.0235489653547467,-0.0587440918298447,0.0013048792067804,0.0297729171025914,5.2881580332485685,0.0006824725893119,0.0202853669936878,-2.217525072656417,1.0,0.6946779562652163,0.1140175425099819,5.913274684658282,0.0099999999999997,-0.2537447130962839,0.0304122242187446,0.0147929771495187,-0.0044510940269267,0.0329925489473037,0.2671837228945853,-0.01329,0.1153178836335292,-1.668022652308494,1.0,1.6928139654406954e-45,1.3855432115477528e-05,0.9999861445678848,0.0001688537716343,0.9609572999579764,2,0.7252865540602376,1,1
2025-05-09,2.34,0.0002402643384675,0.0020885612306924,0.025893634429206,0.4499999999999999,0.2711374967218675,69.0,0.0010162299356553,0.0235489653547467,-0.0587440918298447,0.0013048792067804,0.0297729171025914,5.293246786090502,0.0006824725893119,0.0197847584632725,0.1355177065550663,1.0,0.6851687028410027,0.1166113814588,5.952045670366871,0.0099999999999997,-0.2202913520045195,0.0305036378047141,0.0147929771495187,-0.0030625942650406,-1.1910633706742364,0.2654802984001527,-0.01721,0.0964272486681849,-1.4246722623831225,1.0,6.296117432935089e-51,5.284252040935532e-06,0.9999947157479592,6.949204694223629e-05,0.9609572967535002,2,0.7183507992024737,1,1
2025-05-16,2.32,0.0003547965105665,0.0020885612306924,-0.0122808524622051,0.4499999999999999,0.2640605886146932,69.0,0.0010162299356553,0.0235489653547467,-0.0587440918298447,0.0013048792067804,0.0297729171025914,5.284083502513398,0.0006824725893119,0.0209530542949259,0.1355177065550663,1.0,0.2696116537116217,0.1191562599519203,5.990313951438075,0.0300000000000002,-0.2194603599290387,0.0372412422133754,0.0147929771495187,-0.022950533361184,-1.8357344743719783,0.2656051884636008,-0.0174499999999999,0.10308630226314,-1.1158070276065362,1.0,2.118512510000281e-43,0.0001172180616098,0.9998827819383896,0.0011782075243128,0.9609573386017874,2,0.765779325994875,1,1
2025-05-23,2.33,-0.0036560424353556,0.0020885612306924,0.0350066514143734,0.4499999999999999,0.2555587056218844,69.0,0.0010162299356553,0.0235489653547467,-0.0587440918298447,0.0013048792067804,0.0297729171025914,5.260593707352988,0.0006824725893119,0.021577887452625,0.1355177065550663,1.0,0.3230159269288677,0.1307123340994618,6.02808910187983,-0.0099999999999997,-0.2083119169727127,0.0410700127592997,0.0147929771495187,-0.1954707733869983,-1.6978752776227577,0.2664474966604925,-0.0146499999999999,0.1162509600574879,-0.7207841606615245,1.0,1.0489779371682158e-09,0.8468220693688902,0.1531779295821315,0.4281821733609622,0.961273893096614,1,0.7542749431824775,1,1
2025-05-30,2.34,-0.0023146410841167,0.0,0.0157125661704536,0.4499999999999999,0.2454838381795934,69.0,0.0010162299356553,0.0235489653547467,-0.0196905766526019,0.0,0.0,5.22258409366285,0.0005677668638658,0.0199636384200428,0.3535533905932854,1.0,0.3324314530428733,0.0654653670709096,6.096354274887444,0.0,-0.2104169034646212,0.0408356686326249,0.0069616701382645,-0.0129223537343435,-1.486746633741401,0.2649417250020853,-0.01188,0.0907016301633438,-0.3126103064582648,1.0,7.577899943226506e-05,0.9996114727667658,0.0003127482338021,0.0036313326451605,0.961332329609674,1,0.727162682048568,1,1
2025-06-06,2.28,-5.3796923954796405e-05,0.0034093913800881,0.0189800182646003,0.3299999999999998,0.2415702157529575,71.0,0.0057932087140959,0.0266921301822231,-0.020393811533052,0.0023402152998077,0.0575709544069507,5.376301273609118,0.0019597871028305,0.0108389842962606,2.3709521546236627,9.0,0.2967785956655369,0.056505372690319,6.120798802352115,0.0699999999999994,-0.1449754683597801,0.0335237347239715,0.0069299858694829,-0.0404504067832589,-1.326033355606069,0.2662070888950943,-0.00918,0.1035012077224339,0.369744358292942,1.0,0.0008632802988472,0.9991181022423392,1.861745881358152e-05,0.0071745240869244,0.9613457973352112,1,0.6438258097681384,1,1
2025-06-13,2.11,0.0006399031303552,0.0034093913800881,0.0368344328726072,0.3299999999999998,0.2374471694804019,71.0,0.0057932087140959,0.0266921301822231,-0.020393811533052,0.0023402152998077,0.0575709544069507,5.523237623545589,0.0019597871028305,0.0118296694818532,-0.2216475636109164,9.0,0.2429712035710649,0.0622781777879394,6.142936691155525,0.0200000000000004,-0.069725861110198,0.0341382403000255,0.0069299858694829,0.0054786708881159,-1.2181922696465708,0.2669244841548805,-0.0075,0.0991391518451418,1.119223166444146,1.0,0.0024950961552096,0.997463852180398,4.105166439224651e-05,0.0179017579538899,0.9613734681459012,1,0.6426740392578513,1,1
2025-06-20,2.19,0.0005842308588013,0.0034093913800881,-0.0159081039244141,0.3299999999999998,0.2331035870023402,71.0,0.0057932087140959,0.0266921301822231,-0.020393811533052,0.0023402152998077,0.0575709544069507,5.663920903402142,0.0019597871028305,0.0109060835999854,-0.2216475636109164,9.0,0.4221811431258939,0.0595219047315513,6.162792798962783,-0.0600000000000005,-0.071844454485083,0.0348978480913413,0.0069299858694829,-0.0043061721005545,-1.164892508116053,0.2674317832134423,-0.00645,0.0709124208342542,1.365213793214362,1.0,0.0027202737165096,0.9972363892267508,4.3337056739494696e-05,0.0192638931173692,0.9613772867998408,1,0.664418059122971,1,1
2025-06-27,2.24,-0.0028223083297012,0.0034093913800881,-0.0032319283994381,0.3299999999999998,0.2285268935513699,71.0,0.0057932087140959,0.0266921301822231,-0.0007173601147776,0.0023402152998077,0.0575709544069507,5.798806243197785,0.0017963847985138,0.0132453550709214,-0.3535533905932753,9.0,0.437524021748247,0.0770435869214895,6.180389118258113,0.0,-0.196468041361161,0.0361522067268142,0.0002536251008666,-0.0255004726429769,-1.185850943348832,0.2671103256962113,-0.0067099999999999,0.0963253415699846,1.0160957304627165,1.0,0.0019427169507677,0.9979679800249784,8.930302425390312e-05,0.0149922478163768,0.9613640805360189,1,0.6229583249568483,1,1
2025-07-04,2.22,-0.0003905616763231,0.0015097919463296,0.0173197460287258,0.2999999999999998,0.225863715809776,74.0,0.0191876626020122,0.0270490239715139,-0.0229555236728837,0.0031252098224368,0.0570309811028926,5.798806243197785,0.0021399968490386,0.0127970051246452,1.37735600140204,15.0,0.460543370231153,0.0843462252522343,6.105007464266892,0.0300000000000002,-0.2003367355513989,0.034810508450603,0.007835812035947,0.0002576842088053,-1.2621039082876333,0.2673804549557231,-0.0069799999999999,0.0963253415699846,0.7533984153616056,1.0,2.6585353491107076e-05,0.9998465891884856,0.000126825458023,0.0015714463636767,0.9613315646871508,1,0.5951513853931584,1,1
2025-07-11,2.15,0.0003474684207664,0.0015097919463296,-0.0006694381292623,0.2999999999999998,0.2231078509745993,74.0,0.0191876626020122,0.0270490239715139,-0.0229555236728837,0.0031252098224368,0.0570309811028926,5.798806243197785,0.0021399968490386,0.0112481350030034,-0.5359474509246309,15.0,0.4229282510558902,0.0824621125124441,6.027682494907816,-0.0099999999999997,-0.1673762594510158,0.0293278159760833,0.007835812035947,-0.027149963763063,-1.331873348901074,0.2681039931281209,-0.00653,0.0936177638821199,0.7300032531952516,1.0,0.0449808601620736,0.9549827107541132,3.642908381324407e-05,0.1838697216108286,0.9620941221910868,1,0.6252130313684109,1,1
2025-07-18,2.18,-0.0003961325217144,0.0015097919463296,0.0120738083157418,0.2999999999999998,0.2202558199402535,74.0,0.0191876626020122,0.0270490239715139,-0.0229555236728837,0.0031252098224368,0.0570309811028926,5.798806243197785,0.0021399968490386,0.009999630014497,-0.5359474509246309,15.0,0.6752819652592315,0.0625499800161051,5.948338424726202,-0.0099999999999997,-0.1596156415066116,0.0212525511345248,0.007835812035947,0.0009802127010841,-1.333455676603616,0.2691481450464079,-0.0050499999999999,0.0869729021838879,1.1820436297138182,1.0,0.039257794613228,0.960711167270234,3.1038116538123386e-05,0.1659301427318267,0.9619970483849738,1,0.6482615236355547,1,1
2025-07-25,2.13,-0.0002339594727532,0.0015097919463296,0.0131823453365179,0.2999999999999998,0.2173038363042572,74.0,0.0191876626020122,0.0270490239715139,-0.0229555236728837,0.0031252098224368,0.0570309811028926,5.798806243197785,0.0021399968490386,0.0097901896498015,-0.5359474509246309,15.0,0.5503488684150537,0.0587367006224833,5.866893335124029,0.0199999999999995,-0.155520987953151,0.0195408208492573,0.007835812035947,-0.0055231080571252,-1.297839333341657,0.2695345409744404,-0.0042299999999999,0.0870139561876773,1.5700212811369982,1.0,0.1140923978895745,0.8858817609921443,2.5841118281320355e-05,0.3552825430189369,0.963266410347728,1,0.5463724230441122,1,1
2025-08-01,1.89,-0.0022736028802674,0.002872638121889,0.0101448153031989,0.355,0.2205912196096114,79.0,0.0118867798655593,0.029161742842984,-0.0452261306532663,0.0030972185881794,0.0216687184509795,5.850969676373468,0.001831720974345,0.0114971334398633,-1.5419284880893558,0.0,0.567361429958755,0.0562519840921292,5.849385369472121,-0.0700000000000002,-0.0841947102101166,0.0192817303665258,0.0105940241383993,0.0019661474494394,-1.2157197645719773,0.2611289880811998,-0.00285,0.0942545944314143,1.8423977322837328,1.0,0.0277153540515714,0.9720799016543492,0.0002047442940793,0.1286465497065331,0.961801198177797,1,0.5165389361827429,1,1
2025-08-08,1.96,-0.0002611937714543,0.002872638121889,0.0051920773263023,0.2299999999999999,0.2235799041415195,79.0,0.0118867798655593,0.029161742842984,-0.0452261306532663,0.0030972185881794,0.0216687184509795,5.896152591700033,0.001831720974345,0.0107164227071548,-0.0990544352589777,0.0,0.3952403950294563,0.0564263109856034,5.815248847241671,-0.0299999999999993,-0.1686621016063828,0.0180863486430914,0.0105940241383993,0.0036315752781,-1.1149695020599522,0.2565838929427738,-0.0017699999999999,0.0891928088068685,1.68409556907441,1.0,0.0497343604015903,0.9502327832473718,3.285635103776373e-05,0.1981027075044939,0.9621747533811013,1,0.5429732002496209,1,1
2025-08-15,1.97,0.0004174168851756,0.002872638121889,0.000808850081619,0.2299999999999999,0.2262817256734914,79.0,0.0118867798655593,0.029161742842984,-0.0452261306532663,0.0030972185881794,0.0216687184509795,5.934514431565323,0.001831720974345,0.0102325292683835,-0.0990544352589777,0.0,0.3735280347356684,0.0609302880348962,5.764188344422483,-0.0200000000000004,-0.1806914809276587,0.0201549178644715,0.0105940241383993,0.0016186348281445,-1.1205633923430645,0.2503126250440278,-0.0025,0.0884388408530424,1.0092947722551275,1.0,0.0311972132879878,0.96878359057229,1.9196139722358053e-05,0.1391065565182395,0.9618603275645792,1,0.7244220433919843,1,1
2025-08-22,2.01,-0.0037931156456236,0.002872638121889,-0.001578534403779,0.2299999999999999,0.2287068509738662,79.0,0.0118867798655593,0.029161742842984,-0.0452261306532663,0.0030972185881794,0.0216687184509795,5.966186773424052,0.001831720974345,0.0061900954869024,-0.0990544352589777,0.0,0.3343223812897784,0.0549675228789136,5.6957487255395804,-0.0300000000000002,-0.1492717053363346,0.0172194352576284,0.0105940241383993,0.0068881959607579,-1.073600666225563,0.2406880377654867,-0.0011099999999999,0.0965012953280996,1.270501196020513,1.0,0.6067167561253164,0.3932802940157068,2.949858976558103e-06,0.670231848489664,0.971622415166188,0,0.6525110688832002,1,1
2025-08-29,2.01,-0.0022710875640165,0.0,-0.0216167288585079,0.2299999999999999,0.2308639999258399,79.0,0.0118867798655593,0.029161742842984,-0.0234948604992657,0.0,0.0200557028699587,5.9071013326200585,0.0009344213406752,0.0059665566095026,0.3535533905932778,2.0,0.4090267265309875,0.0518066460161609,5.609293893073784,-0.0399999999999991,-0.1297076889148999,0.0189453981808157,0.0083066875910317,0.0020874098322162,-1.0520270906330418,0.2343428120180273,-0.00087,0.1171080087538265,1.122532926943078,1.0,0.920310810214016,0.0796876819577134,1.5078282704180282e-06,0.2780275140924107,0.9769416629154346,0,0.678510334638393,1,1
2025-09-05,1.86,-0.0001988374445587,0.0025433982764155,0.0074358678087027,0.1599999999999999,0.2337408735439398,80.0,0.018631698334008,0.0301267677552561,0.0389133627019089,0.0021777373369731,0.0254747035264696,5.803977416061285,0.0009674987339896,0.0062565866184116,0.7268078368178235,1.0,0.3397802063751132,0.0528474894661266,5.545744227304552,-0.1600000000000001,-0.085710054588449,0.022626581713383,0.0251631734308771,0.0041546791586779,-0.9428167844391656,0.2210262468802666,-4.999999999999449e-05,0.1350595106927733,1.3190949955845217,1.0,0.9909525952357732,0.0090472406332454,1.641309815726837e-07,0.0515788575282707,0.9781399039870804,0,0.5490181738306621,1,1
2025-09-12,1.95,0.0005893605203579,0.0025433982764155,-0.0014838560923039,0.1599999999999999,0.2360606333733199,80.0,0.018631698334008,0.0301267677552561,0.0389133627019089,0.0021777373369731,0.0254747035264696,5.692234926769459,0.0009674987339896,0.00601638363518,0.2864170604919007,1.0,0.2759218653207103,0.0484030695604362,5.474574440921554,0.0099999999999997,-0.0868172289395098,0.02223629121526,0.0251631734308771,0.000635587862698,-0.8616090451658345,0.2038811760233725,-0.00012,0.1285565467577791,1.0845237622924069,1.0,0.9930335346333524,0.0069661348588264,3.305078213179887e-07,0.041545740463181,0.978175201249367,0,0.5952766645403217,1,1
2025-09-19,2.02,0.0003988821007447,0.0025433982764155,0.007980126040901,0.1599999999999999,0.2378395813407534,80.0,0.018631698334008,0.0301267677552561,0.0389133627019089,0.0021777373369731,0.0254747035264696,5.571355310873264,0.0009674987339896,0.0059105132828903,0.2864170604919007,1.0,0.1865242371976865,0.0667484617266365,5.395482999918004,-0.0499999999999998,-0.1284760581064546,0.0213606390369943,0.0251631734308771,-0.0232587238357272,-0.3037210340134481,0.1875659763260249,0.00126,0.0935700654208164,1.6542921076386543,1.0,0.9595749451774526,0.0404220014297175,3.0533928298291982e-06,0.1693246831709212,0.9776076687163529,0,0.4155715917347763,0,1
2025-09-26,2.03,-3.056624575537015e-05,0.0025433982764155,0.018915792124518,0.1599999999999999,0.2390897894856235,80.0,0.018631698334008,0.0301267677552561,0.0639097744360901,0.0021777373369731,0.0188318816295386,5.440729589084009,0.0001506411513409,0.0034852855671986,-0.3535533905934537,1.0,-0.0230874960051331,0.0757698583117737,5.308115815835191,-0.0100000000000006,-0.036080948569399,0.0217378321376693,0.0225955174439311,-0.0014230055143013,0.5249485325620358,0.1695032000926555,0.0010199999999999,0.091251223083772,1.1804815983768444,1.0,0.9943129711317568,0.0056868337917722,1.9507647087955587e-07,0.0350725061635118,0.9781969033665282,0,0.5890404380471707,1,1
2025-10-03,2.14,-0.0032195412047857,0.0,-0.0057800114850518,0.345,0.24232411914359,76.0,0.0174726926344255,0.028942166354098,0.0609022556390976,0.0,0.019886951752536,5.405979595282541,0.0016297563995091,0.0035554980450634,-2.464495544167929,14.0,0.1646810704676411,0.0704576874038622,5.30459830690106,0.0100000000000006,-0.1815003587497762,0.0217894367765728,0.0227598016542836,-0.0053322840128182,1.803767437307105,0.16437183319393,0.00139,0.0758640701706376,1.12308286608921,1.0,0.9526651306649094,0.047323825254413,1.1044080677319198e-05,0.1906952734947373,0.977490460025896,0,0.6149809155345338,1,1
2025-10-10,2.25,0.0005610950705459,0.0,0.006077650649353,0.345,0.2452514824638965,76.0,0.0174726926344255,0.028942166354098,0.0609022556390976,0.0,0.019886951752536,5.370718330410858,0.0016297563995091,0.0050846930355055,0.3147227460491983,14.0,0.1800911788023416,0.0704576874038622,5.292464548342856,-0.0100000000000006,-0.2204869847937155,0.0117910851311273,0.0227598016542836,0.0298794071471859,1.977001900183928,0.1653793801129321,0.00225,0.0555492059863338,1.4993540984625595,1.0,0.7362008224964793,0.2637078034208056,9.137408271516516e-05,0.5778127703357895,0.9738187176239764,0,0.49195027572009015,1,1
2025-10-17,2.23,0.0008555846280011,0.0,0.0162216947576812,0.345,0.2478827550120141,76.0,0.0174726926344255,0.028942166354098,0.0609022556390976,0.0,0.019886951752536,5.334935656737978,0.0016297563995091,0.0063150915497161,0.3147227460491983,14.0,0.3321523623607791,0.0673874723415714,5.271655044479369,-0.0199999999999995,-0.1687373605778324,0.0152696409421588,0.0227598016542836,0.0042548189793674,1.9840756092038505,0.1674756009784672,0.0037999999999999,0.0533853912601326,1.829348223687716,1.0,0.0438845100730472,0.9558744813969088,0.0002410085300436,0.1823365949421226,0.9620754491887276,1,0.41945927959571766,0,1
2025-10-24,2.32,-0.0010492000702195,0.0,0.0007964005081699,0.345,0.2502272776168471,76.0,0.0174726926344255,0.028942166354098,0.0609022556390976,0.0,0.019886951752536,5.298621010732929,0.0016297563995091,0.0066827826316307,0.3147227460491983,14.0,0.2906249901046973,0.0640869944462789,5.242066475650043,-0.0699999999999998,-0.1432153657581543,0.0218653664391614,0.0227598016542836,0.0052557991013572,1.802191212832354,0.173005549218381,0.00336,0.056426310985442,1.211822869485715,0.0,0.0409362953348632,0.959038688620282,2.5016044854686198e-05,0.1711974543177437,0.96202552171285,1,0.5785109508473475,1,0
2025-10-31,2.37,-0.0003792378003114,0.0,-0.0304733430213054,0.155,0.253119982069303,82.0,0.019286451645391,0.0294998621205542,-0.0028268551236748,0.0,0.009624865442648,5.298621010732929,0.0016014019786777,0.0071528569956777,0.353553390593275,0.0,0.5486293304798311,0.0811414109529954,5.244835138108103,-0.04,-0.1224636434471689,0.0276135924746218,0.0009994442136938,0.0071457892126925,1.6926861186514854,0.1758997554913658,0.0037599999999999,0.0587974732207113,1.1579605189381648,1.0,0.1105428030395975,0.8894227935863338,3.440337406866011e-05,0.348032643212407,0.9632061981845348,1,0.6199273316766218,1,1
2025-11-07,2.43,-0.0021712351871874,-0.0020874384236453,-0.0316549611969291,0.3049999999999999,0.2531201756763032,82.0,0.0208273535261978,0.0273508445512262,-0.0190812720848057,0.0018915434389168,0.0184281848516093,5.298621010732929,0.0017591785759661,0.0071445140843058,1.0737730593220334,0.0,0.6167104541592698,0.0736303508849621,5.244080193312954,0.0299999999999998,-0.1510371933539928,0.0277616709719833,0.0057067045462752,0.0062403272727212,1.5729841804654687,0.1786258718988817,0.00335,0.0586606463360984,0.6998175257852041,1.0,0.0870359132808658,0.9129194541314296,4.463258770439634e-05,0.2961134855031556,0.9628074656338576,1,0.6534148625302999,1,1
2025-11-14,2.39,0.0011760710766846,-0.0020874384236453,-0.0010912830344476,0.3049999999999999,0.253120064826734,82.0,0.0208273535261978,0.0273508445512262,-0.0190812720848057,0.0018915434389168,0.0184281848516093,5.298621010732929,0.0017591785759661,0.0087180054716505,0.2144255822233953,0.0,0.6174282886224591,0.07778174593061,5.239800118232128,0.0300000000000002,-0.1034019223752895,0.0278608210204319,0.0057067045462752,0.0153073342510224,1.364356574864949,0.1800557145214971,0.0017899999999999,0.0636957051702887,-0.719084264273287,1.0,0.0197969689510778,0.9801618887423736,4.114230654850183e-05,0.0977036911240258,0.961666946057144,1,0.7345850113237696,1,1
2025-11-21,2.43,-0.0038263270876726,-0.0020874384236453,0.0167410913130559,0.3049999999999999,0.2531196495201953,82.0,0.0208273535261978,0.0273508445512262,-0.0190812720848057,0.0018915434389168,0.0184281848516093,5.298621010732929,0.0017591785759661,0.01113023885704,0.2144255822233953,0.0,0.463726429877163,0.0761577310587308,5.23198626157581,-0.0500000000000002,-0.185008378519077,0.027719527762004,0.0057067045462752,-0.0097757360389282,1.127115498643286,0.1834143863062388,0.0004699999999999,0.0573211504220873,-1.6625582729984407,1.0,0.0031392107818792,0.9967554247054954,0.0001053645126253,0.0222979755049229,0.9613843697070176,1,0.7642957665220074,1,1
2025-11-28,2.33,-0.0004368995205851,-0.0020874384236453,0.0217344439972344,0.3049999999999999,0.2531189297551884,82.0,0.0208273535261978,0.0273508445512262,-0.0163004961020553,0.0018915434389168,0.0171499779019124,5.298621010732929,0.0005344828077046,0.0112891901006238,-0.353553390593289,0.0,0.4421647414998066,0.0755928946019376,5.220622756029688,-0.02,-0.1389705994549919,0.0284425743406195,0.0057630956652345,0.0019414774392292,0.6906392712504625,0.1871234781593511,-0.00185,0.0595069023607219,-2.0131289704199204,1.0,0.0012721611701763,0.9986862410242204,4.1597805603150766e-05,0.0102140589583337,0.9613527242655456,1,0.784413302893325,1,1
